"beds","province_short"
179.0,"TO"
18.0,"TO"
17.0,"TO"
277.0,"TO"
15.0,"TO"
80.0,"TO"
25.0,"TO"
20.0,"TO"
120.0,"TO"
145.0,"TO"
102.0,"TO"
49.0,"TO"
55.0,"TO"
175.0,"TO"
260.0,"TO"
25.0,"TO"
30.0,"TO"
296.0,"TO"
109.0,"TO"
59.0,"TO"
40.0,"TO"
11.0,"TO"
40.0,"TO"
80.0,"TO"
30.0,"TO"
70.0,"TO"
90.0,"TO"
60.0,"TO"
149.0,"TO"
331.0,"TO"
16.0,"TO"
16.0,"TO"
64.0,"TO"
7.0,"TO"
30.0,"TO"
35.0,"TO"
50.0,"TO"
37.0,"TO"
0.0,"TO"
296.0,"VC"
90.0,"VC"
20.0,"VC"
90.0,"VC"
354.0,"BI"
21.0,"BI"
22.0,"BI"
28.0,"BI"
30.0,"BI"
10.0,"BI"
10.0,"BI"
203.0,"NO"
58.0,"NO"
42.0,"NO"
14.0,"NO"
18.0,"NO"
20.0,"NO"
90.0,"NO"
272.0,"VB"
28.0,"VB"
60.0,"VB"
126.0,"VB"
191.0,"CN"
22.0,"CN"
317.0,"CN"
20.0,"CN"
52.0,"CN"
36.0,"CN"
30.0,"CN"
41.0,"CN"
60.0,"CN"
258.0,"CN"
0.0,"CN"
13.0,"CN"
13.0,"CN"
54.0,"CN"
99.0,"CN"
11.0,"CN"
100.0,"CN"
397.0,"AT"
40.0,"AT"
18.0,"AT"
59.0,"AT"
581.0,"AL"
40.0,"AL"
23.0,"AL"
26.0,"AL"
72.0,"AL"
86.0,"AL"
58.0,"AL"
263.0,"TO"
218.0,"TO"
28.0,"TO"
319.0,"TO"
66.0,"TO"
101.0,"TO"
20.0,"TO"
84.0,"TO"
30.0,"TO"
0.0,"TO"
79.0,"TO"
0.0,"TO"
128.0,"TO"
15.0,"TO"
100.0,"TO"
104.0,"TO"
20.0,"TO"
19.0,"TO"
80.0,"TO"
66.0,"TO"
327.0,"TO"
4.0,"TO"
12.0,"TO"
532.0,"NO"
39.0,"NO"
591.0,"CN"
9.0,"CN"
501.0,"AL"
73.0,"AL"
366.0,"TO"
17.0,"TO"
15.0,"TO"
1719.0,"TO"
70.0,"TO"
68.0,"VB"
277.0,"VB"
315.0,"NO"
66.0,"TO"
340.0,"AO"
16.0,"AO"
14.0,"AO"
10.0,"AO"
64.0,"AO"
100.0,"MI"
215.0,"MI"
39.0,"MI"
74.0,"MI"
20.0,"MI"
40.0,"MI"
41.0,"MI"
109.0,"MI"
116.0,"MI"
4.0,"MI"
20.0,"MI"
68.0,"MI"
2.0,"MI"
68.0,"MI"
121.0,"MI"
25.0,"MI"
27.0,"MI"
57.0,"MI"
49.0,"MI"
48.0,"MI"
70.0,"MI"
25.0,"MI"
45.0,"MI"
42.0,"MI"
246.0,"MI"
50.0,"MI"
20.0,"MI"
163.0,"VA"
44.0,"VA"
109.0,"VA"
14.0,"VA"
135.0,"CO"
39.0,"CO"
180.0,"CO"
91.0,"CO"
2.0,"CO"
32.0,"CO"
52.0,"CO"
10.0,"CO"
133.0,"CO"
5.0,"CO"
66.0,"CO"
10.0,"CO"
54.0,"CO"
35.0,"VA"
40.0,"VA"
143.0,"VA"
148.0,"CO"
5.0,"CO"
131.0,"CO"
58.0,"LC"
20.0,"LC"
76.0,"LC"
139.0,"MB"
47.0,"MB"
72.0,"MB"
2.0,"MB"
66.0,"MB"
117.0,"MB"
0.0,"MB"
63.0,"MB"
89.0,"LC"
119.0,"MB"
223.0,"BG"
13.0,"BG"
60.0,"BG"
24.0,"BG"
34.0,"BG"
23.0,"BG"
92.0,"BG"
7.0,"BG"
33.0,"BG"
189.0,"BG"
2.0,"BG"
72.0,"BG"
209.0,"BG"
5.0,"BG"
40.0,"BG"
10.0,"BG"
4.0,"BG"
84.0,"BG"
15.0,"BG"
15.0,"BG"
57.0,"BG"
10.0,"BG"
19.0,"BG"
34.0,"BG"
46.0,"BG"
24.0,"BG"
25.0,"BG"
51.0,"BG"
77.0,"BS"
17.0,"BS"
16.0,"BS"
211.0,"BS"
4.0,"BS"
40.0,"BS"
10.0,"BS"
9.0,"BS"
36.0,"BS"
223.0,"BS"
4.0,"BS"
70.0,"BS"
95.0,"BS"
4.0,"BS"
40.0,"BS"
10.0,"BS"
146.0,"BS"
510.0,"BS"
40.0,"BS"
19.0,"BS"
53.0,"BS"
28.0,"BS"
10.0,"BS"
110.0,"BS"
15.0,"BS"
15.0,"BS"
33.0,"CR"
46.0,"CR"
56.0,"CR"
6.0,"CR"
16.0,"CR"
85.0,"CR"
6.0,"CR"
35.0,"CR"
62.0,"MN"
5.0,"MN"
20.0,"MN"
0.0,"MN"
19.0,"MN"
40.0,"MN"
95.0,"MN"
20.0,"MN"
78.0,"MN"
86.0,"PV"
119.0,"PV"
34.0,"PV"
10.0,"PV"
20.0,"PV"
78.0,"PV"
38.0,"PV"
921.0,"MI"
8.0,"MI"
44.0,"MI"
419.0,"MI"
10.0,"MI"
416.0,"MI"
41.0,"MI"
149.0,"MI"
83.0,"MI"
280.0,"MI"
16.0,"MI"
431.0,"MI"
12.0,"MI"
164.0,"MI"
120.0,"MI"
57.0,"MI"
68.0,"MI"
439.0,"MI"
20.0,"MI"
507.0,"MI"
20.0,"MI"
325.0,"MI"
12.0,"MI"
40.0,"MI"
228.0,"MI"
40.0,"MI"
14.0,"MI"
36.0,"MI"
143.0,"MI"
195.0,"MI"
18.0,"MI"
138.0,"MI"
277.0,"MI"
46.0,"MI"
157.0,"MI"
289.0,"LO"
87.0,"LO"
17.0,"LO"
20.0,"LO"
15.0,"LO"
32.0,"LO"
20.0,"LO"
26.0,"LO"
125.0,"VA"
7.0,"VA"
78.0,"VA"
12.0,"VA"
138.0,"VA"
16.0,"VA"
697.0,"VA"
33.0,"VA"
391.0,"VA"
20.0,"VA"
301.0,"VA"
4.0,"VA"
12.0,"VA"
253.0,"VA"
10.0,"VA"
33.0,"VA"
48.0,"VA"
95.0,"CO"
15.0,"CO"
0.0,"CO"
1.0,"CO"
26.0,"CO"
55.0,"CO"
8.0,"CO"
8.0,"CO"
469.0,"CO"
36.0,"CO"
262.0,"SO"
2.0,"SO"
7.0,"SO"
35.0,"SO"
7.0,"SO"
0.0,"SO"
7.0,"SO"
187.0,"SO"
88.0,"SO"
257.0,"BS"
13.0,"BS"
27.0,"BS"
42.0,"LC"
210.0,"LC"
465.0,"LC"
24.0,"LC"
318.0,"MB"
595.0,"MB"
10.0,"MB"
114.0,"MB"
419.0,"MB"
14.0,"MB"
81.0,"MB"
93.0,"BG"
6.0,"BG"
902.0,"BG"
2.0,"BG"
49.0,"BG"
275.0,"BG"
8.0,"BG"
96.0,"BG"
40.0,"BG"
166.0,"BG"
10.0,"BG"
38.0,"BG"
58.0,"BG"
14.0,"BG"
211.0,"BG"
18.0,"BG"
88.0,"BG"
146.0,"BS"
112.0,"BS"
27.0,"BS"
145.0,"BS"
1119.0,"BS"
10.0,"BS"
155.0,"BS"
87.0,"BS"
206.0,"BS"
126.0,"BS"
16.0,"BS"
10.0,"BS"
20.0,"BS"
15.0,"BS"
7.0,"BS"
29.0,"BS"
239.0,"BS"
129.0,"CR"
4.0,"CR"
432.0,"CR"
1.0,"CR"
35.0,"CR"
66.0,"MN"
51.0,"MN"
115.0,"MN"
25.0,"MN"
442.0,"MN"
30.0,"MN"
20.0,"MN"
330.0,"CR"
75.0,"CR"
42.0,"PV"
22.0,"PV"
16.0,"PV"
30.0,"PV"
2.0,"PV"
16.0,"PV"
36.0,"PV"
224.0,"PV"
248.0,"PV"
3.0,"PV"
21.0,"PV"
76.0,"PV"
3.0,"PV"
21.0,"PV"
94.0,"PV"
15.0,"PV"
10.0,"PV"
30.0,"LC"
32.0,"LC"
274.0,"MI"
164.0,"MI"
797.0,"PV"
819.0,"MI"
15.0,"VA"
139.0,"VA"
112.0,"LC"
0.0,"BS"
134.0,"BS"
15.0,"MN"
78.0,"MN"
185.0,"MI"
4.0,"MI"
810.0,"MI"
93.0,"MI"
122.0,"MI"
82.0,"MI"
120.0,"MI"
100.0,"PV"
198.0,"PV"
88.0,"PV"
8.0,"PV"
35.0,"PV"
0.0,"PV"
208.0,"PV"
188.0,"MI"
60.0,"BS"
405.0,"MI"
120.0,"MI"
44.0,"MB"
0.0,"PV"
44.0,"PV"
214.0,"MI"
123.0,"MI"
360.0,"MI"
58.0,"MI"
135.0,"MI"
70.0,"MI"
73.0,"MI"
115.0,"MI"
592.0,"BZ"
12.0,"BZ"
311.0,"BZ"
19.0,"BZ"
173.0,"BZ"
14.0,"BZ"
11.0,"BZ"
176.0,"BZ"
19.0,"BZ"
12.0,"BZ"
41.0,"BZ"
6.0,"BZ"
25.0,"BZ"
38.0,"BZ"
4.0,"BZ"
3.0,"BZ"
72.0,"BZ"
4.0,"BZ"
15.0,"BZ"
8.0,"BZ"
42.0,"BZ"
44.0,"BZ"
25.0,"BZ"
44.0,"BZ"
579.0,"TN"
54.0,"TN"
68.0,"TN"
63.0,"TN"
257.0,"TN"
10.0,"TN"
53.0,"TN"
78.0,"TN"
61.0,"TN"
67.0,"TN"
28.0,"TN"
10.0,"TN"
88.0,"TN"
145.0,"TN"
151.0,"TN"
10.0,"TN"
75.0,"TN"
15.0,"TN"
30.0,"TN"
45.0,"TN"
40.0,"BL"
20.0,"BL"
581.0,"BL"
71.0,"BL"
52.0,"BL"
14.0,"TV"
8.0,"TV"
111.0,"TV"
71.0,"TV"
9.0,"TV"
17.0,"TV"
85.0,"TV"
101.0,"TV"
29.0,"TV"
35.0,"TV"
1873.0,"TV"
75.0,"TV"
86.0,"TV"
81.0,"VE"
96.0,"VE"
10.0,"VE"
76.0,"VE"
61.0,"VE"
92.0,"VE"
1488.0,"VE"
121.0,"VE"
4.0,"VE"
115.0,"VE"
92.0,"VE"
21.0,"VE"
421.0,"VE"
20.0,"VE"
43.0,"VE"
47.0,"RO"
19.0,"RO"
5.0,"RO"
20.0,"RO"
50.0,"RO"
87.0,"RO"
10.0,"RO"
34.0,"RO"
541.0,"RO"
54.0,"RO"
32.0,"RO"
21.0,"PD"
26.0,"PD"
52.0,"PD"
9.0,"PD"
22.0,"PD"
127.0,"PD"
40.0,"PD"
143.0,"PD"
1246.0,"PD"
143.0,"PD"
105.0,"PD"
788.0,"VI"
49.0,"VI"
65.0,"VI"
10.0,"VI"
58.0,"VI"
10.0,"VI"
22.0,"VI"
60.0,"VI"
42.0,"VI"
1130.0,"VI"
42.0,"VI"
92.0,"VI"
352.0,"VR"
10.0,"VR"
78.0,"VR"
116.0,"VR"
76.0,"VR"
81.0,"VR"
219.0,"VR"
25.0,"VR"
48.0,"VR"
10.0,"VR"
107.0,"VR"
762.0,"VR"
115.0,"VR"
160.0,"VR"
1267.0,"PD"
13.0,"PD"
1185.0,"VR"
10.0,"VR"
20.0,"VR"
123.0,"PD"
56.0,"TS"
8.0,"TS"
92.0,"TS"
52.0,"TS"
601.0,"TS"
24.0,"TS"
321.0,"GO"
16.0,"GO"
12.0,"GO"
269.0,"UD"
10.0,"UD"
14.0,"UD"
327.0,"UD"
0.0,"UD"
93.0,"UD"
72.0,"UD"
894.0,"UD"
22.0,"UD"
4.0,"UD"
105.0,"PN"
12.0,"PN"
395.0,"PN"
14.0,"PN"
183.0,"PN"
6.0,"PN"
4.0,"PN"
111.0,"TS"
98.0,"PN"
443.0,"IM"
24.0,"IM"
25.0,"IM"
8.0,"IM"
40.0,"SV"
23.0,"SV"
316.0,"SV"
23.0,"SV"
75.0,"SV"
369.0,"SV"
39.0,"SV"
19.0,"SV"
355.0,"GE"
25.0,"GE"
10.0,"GE"
102.0,"GE"
4.0,"GE"
67.0,"GE"
452.0,"GE"
38.0,"GE"
121.0,"GE"
0.0,"GE"
61.0,"GE"
279.0,"GE"
38.0,"GE"
36.0,"GE"
60.0,"GE"
8.0,"GE"
386.0,"SP"
25.0,"SP"
13.0,"SP"
11.0,"SP"
84.0,"SP"
1025.0,"GE"
45.0,"GE"
70.0,"GE"
293.0,"GE"
0.0,"GE"
600.0,"PC"
31.0,"PC"
57.0,"PC"
88.0,"PC"
45.0,"PC"
10.0,"PC"
70.0,"PC"
26.0,"PC"
94.0,"PC"
278.0,"PR"
22.0,"PR"
9.0,"PR"
164.0,"PR"
15.0,"PR"
50.0,"PR"
15.0,"PR"
54.0,"PR"
33.0,"PR"
10.0,"PR"
45.0,"PR"
36.0,"PR"
5.0,"PR"
15.0,"PR"
30.0,"PR"
46.0,"PR"
83.0,"PR"
1162.0,"RE"
166.0,"RE"
87.0,"RE"
56.0,"RE"
15.0,"RE"
5.0,"RE"
49.0,"RE"
66.0,"RE"
493.0,"MO"
108.0,"MO"
195.0,"MO"
16.0,"MO"
10.0,"MO"
92.0,"MO"
4.0,"MO"
35.0,"MO"
15.0,"MO"
81.0,"MO"
6.0,"MO"
63.0,"MO"
23.0,"MO"
7.0,"MO"
14.0,"MO"
5.0,"MO"
75.0,"MO"
983.0,"BO"
86.0,"BO"
36.0,"BO"
103.0,"BO"
3.0,"BO"
61.0,"BO"
46.0,"BO"
61.0,"BO"
8.0,"BO"
131.0,"BO"
60.0,"BO"
40.0,"BO"
65.0,"BO"
31.0,"BO"
20.0,"BO"
60.0,"BO"
15.0,"BO"
2.0,"BO"
3.0,"BO"
29.0,"BO"
3.0,"BO"
66.0,"BO"
67.0,"BO"
32.0,"BO"
18.0,"BO"
7.0,"BO"
10.0,"BO"
62.0,"BO"
298.0,"BO"
26.0,"BO"
150.0,"BO"
349.0,"FE"
88.0,"FE"
0.0,"FE"
31.0,"FE"
42.0,"FE"
69.0,"FE"
30.0,"FE"
488.0,"RA"
51.0,"RA"
0.0,"RA"
182.0,"RA"
42.0,"RA"
12.0,"RA"
192.0,"RA"
29.0,"RA"
405.0,"FC"
33.0,"FC"
10.0,"FC"
439.0,"FC"
65.0,"FC"
20.0,"FC"
543.0,"RN"
63.0,"RN"
207.0,"RN"
72.0,"RA"
28.0,"RA"
56.0,"RA"
169.0,"RA"
21.0,"RA"
88.0,"RA"
1.0,"RA"
22.0,"RA"
24.0,"RA"
3.0,"RA"
38.0,"FC"
15.0,"FC"
50.0,"FC"
15.0,"FC"
26.0,"FC"
121.0,"FC"
13.0,"FC"
88.0,"FC"
13.0,"FC"
34.0,"RN"
92.0,"RN"
52.0,"RN"
31.0,"RN"
4.0,"RN"
27.0,"RN"
40.0,"RN"
51.0,"RN"
14.0,"RN"
36.0,"FC"
833.0,"PR"
110.0,"PR"
12.0,"PR"
953.0,"MO"
84.0,"MO"
38.0,"MO"
1291.0,"BO"
24.0,"BO"
52.0,"BO"
597.0,"FE"
10.0,"FE"
70.0,"FE"
244.0,"BO"
14.0,"BO"
37.0,"PT"
59.0,"PO"
60.0,"FI"
5.0,"FI"
116.0,"FI"
7.0,"FI"
78.0,"FI"
25.0,"FI"
17.0,"FI"
152.0,"FI"
109.0,"FI"
67.0,"FI"
9.0,"FI"
15.0,"FI"
56.0,"FI"
40.0,"FI"
40.0,"FI"
377.0,"PT"
184.0,"PT"
6.0,"PT"
475.0,"PO"
31.0,"PO"
95.0,"FI"
309.0,"FI"
343.0,"FI"
358.0,"FI"
14.0,"FI"
110.0,"FI"
27.0,"LU"
42.0,"LU"
32.0,"LU"
45.0,"LU"
56.0,"LU"
22.0,"LU"
12.0,"LU"
0.0,"PI"
29.0,"PI"
12.0,"LI"
45.0,"MS"
88.0,"MS"
13.0,"MS"
303.0,"MS"
107.0,"LU"
19.0,"LU"
304.0,"LU"
45.0,"PI"
236.0,"PI"
113.0,"LI"
12.0,"LI"
356.0,"LI"
109.0,"LI"
57.0,"LI"
309.0,"LU"
33.0,"LU"
93.0,"PI"
85.0,"AR"
83.0,"AR"
49.0,"SI"
25.0,"SI"
46.0,"AR"
2.0,"AR"
41.0,"AR"
2.0,"AR"
295.0,"AR"
17.0,"AR"
51.0,"GR"
1.0,"GR"
69.0,"GR"
23.0,"GR"
9.0,"GR"
306.0,"GR"
6.0,"GR"
8.0,"SI"
22.0,"SI"
115.0,"SI"
4.0,"SI"
117.0,"SI"
3.0,"SI"
134.0,"AR"
47.0,"AR"
7.0,"AR"
53.0,"AR"
987.0,"PI"
20.0,"PI"
32.0,"PI"
7.0,"PI"
117.0,"PI"
611.0,"SI"
3.0,"SI"
951.0,"FI"
36.0,"FI"
176.0,"FI"
36.0,"PG"
10.0,"PG"
65.0,"PG"
45.0,"PG"
15.0,"PG"
54.0,"PG"
6.0,"PG"
168.0,"PG"
6.0,"PG"
102.0,"PG"
133.0,"PG"
7.0,"PG"
42.0,"PG"
115.0,"PG"
4.0,"PG"
10.0,"TR"
18.0,"PG"
124.0,"PG"
4.0,"PG"
24.0,"PG"
113.0,"TR"
12.0,"TR"
16.0,"TR"
80.0,"TR"
49.0,"TR"
260.0,"PG"
6.0,"PG"
64.0,"PG"
732.0,"PG"
12.0,"PG"
12.0,"PG"
463.0,"TR"
26.0,"TR"
7.0,"TR"
188.0,"PU"
25.0,"PU"
20.0,"PU"
554.0,"AN"
66.0,"AN"
24.0,"AN"
572.0,"MC"
23.0,"MC"
264.0,"FM"
425.0,"AP"
10.0,"AP"
1.0,"AP"
32.0,"AN"
15.0,"AN"
15.0,"AP"
20.0,"AP"
0.0,"AP"
52.0,"AN"
34.0,"AN"
50.0,"AN"
85.0,"MC"
42.0,"MC"
241.0,"FM"
30.0,"FM"
15.0,"FM"
10.0,"MC"
198.0,"MC"
461.0,"PU"
20.0,"PU"
819.0,"AN"
10.0,"AN"
211.0,"AN"
44.0,"AN"
58.0,"AN"
20.0,"VT"
58.0,"VT"
57.0,"VT"
20.0,"VT"
24.0,"VT"
31.0,"VT"
103.0,"VT"
331.0,"VT"
4.0,"VT"
291.0,"RI"
0.0,"RI"
366.0,"LT"
10.0,"LT"
124.0,"LT"
125.0,"LT"
108.0,"LT"
208.0,"LT"
109.0,"LT"
45.0,"LT"
77.0,"LT"
137.0,"LT"
27.0,"LT"
392.0,"FR"
15.0,"FR"
178.0,"FR"
21.0,"FR"
264.0,"FR"
28.0,"FR"
25.0,"FR"
12.0,"FR"
30.0,"FR"
69.0,"FR"
146.0,"FR"
57.0,"FR"
18.0,"FR"
199.0,"RM"
49.0,"RM"
10.0,"RM"
375.0,"RM"
233.0,"RM"
139.0,"RM"
170.0,"RM"
60.0,"RM"
21.0,"RM"
21.0,"RM"
72.0,"RM"
20.0,"RM"
65.0,"RM"
30.0,"RM"
31.0,"RM"
75.0,"RM"
20.0,"RM"
47.0,"RM"
41.0,"RM"
174.0,"RM"
49.0,"RM"
60.0,"RM"
0.0,"RM"
357.0,"RM"
41.0,"RM"
89.0,"RM"
25.0,"RM"
20.0,"RM"
103.0,"RM"
408.0,"RM"
26.0,"RM"
202.0,"RM"
26.0,"RM"
10.0,"RM"
25.0,"RM"
135.0,"RM"
97.0,"RM"
36.0,"RM"
30.0,"RM"
23.0,"RM"
61.0,"RM"
237.0,"RM"
122.0,"RM"
28.0,"RM"
304.0,"RM"
30.0,"RM"
204.0,"RM"
14.0,"RM"
95.0,"RM"
65.0,"RM"
53.0,"RM"
114.0,"RM"
40.0,"RM"
130.0,"RM"
219.0,"RM"
141.0,"RM"
51.0,"RM"
30.0,"RM"
41.0,"RM"
42.0,"RM"
87.0,"RM"
119.0,"RM"
47.0,"RM"
11.0,"RM"
22.0,"RM"
115.0,"RM"
44.0,"RM"
85.0,"RM"
29.0,"RM"
10.0,"RM"
190.0,"RM"
58.0,"RM"
31.0,"RM"
98.0,"RM"
110.0,"RM"
20.0,"RM"
35.0,"RM"
148.0,"RM"
161.0,"RM"
0.0,"RM"
132.0,"RM"
162.0,"RM"
34.0,"RM"
55.0,"RM"
143.0,"RM"
64.0,"RM"
95.0,"RM"
99.0,"RM"
92.0,"RM"
60.0,"RM"
75.0,"RM"
86.0,"RM"
55.0,"RM"
29.0,"RM"
125.0,"RM"
714.0,"RM"
9.0,"RM"
595.0,"RM"
18.0,"RM"
557.0,"RM"
50.0,"RM"
1329.0,"RM"
60.0,"RM"
1073.0,"RM"
24.0,"RM"
232.0,"RM"
293.0,"RM"
30.0,"RM"
241.0,"RM"
235.0,"RM"
20.0,"RM"
150.0,"RM"
401.0,"RM"
434.0,"RM"
302.0,"AQ"
12.0,"AQ"
20.0,"AQ"
128.0,"AQ"
177.0,"AQ"
17.0,"AQ"
37.0,"AQ"
40.0,"AQ"
65.0,"AQ"
57.0,"AQ"
10.0,"AQ"
55.0,"AQ"
28.0,"AQ"
52.0,"AQ"
12.0,"AQ"
30.0,"AQ"
379.0,"CH"
149.0,"CH"
20.0,"CH"
173.0,"CH"
5.0,"CH"
20.0,"CH"
5.0,"CH"
17.0,"CH"
76.0,"CH"
24.0,"CH"
44.0,"CH"
64.0,"CH"
20.0,"CH"
531.0,"PE"
59.0,"PE"
10.0,"PE"
40.0,"PE"
20.0,"PE"
148.0,"PE"
124.0,"PE"
37.0,"PE"
176.0,"PE"
374.0,"TE"
10.0,"TE"
106.0,"TE"
13.0,"TE"
97.0,"TE"
15.0,"TE"
5.0,"TE"
107.0,"TE"
15.0,"TE"
224.0,"CB"
7.0,"CB"
117.0,"CB"
142.0,"IS"
3.0,"IS"
34.0,"CB"
46.0,"CB"
20.0,"CB"
104.0,"CB"
14.0,"CB"
40.0,"IS"
94.0,"IS"
45.0,"IS"
112.0,"AV"
15.0,"AV"
44.0,"AV"
15.0,"AV"
94.0,"AV"
30.0,"AV"
107.0,"AV"
145.0,"AV"
40.0,"AV"
107.0,"AV"
187.0,"BN"
45.0,"BN"
60.0,"BN"
52.0,"BN"
26.0,"BN"
30.0,"BN"
105.0,"BN"
162.0,"BN"
55.0,"CE"
90.0,"CE"
173.0,"CE"
60.0,"CE"
110.0,"CE"
30.0,"CE"
64.0,"CE"
52.0,"CE"
96.0,"CE"
141.0,"CE"
60.0,"CE"
55.0,"CE"
22.0,"CE"
145.0,"CE"
72.0,"CE"
66.0,"CE"
63.0,"CE"
0.0,"CE"
21.0,"CE"
18.0,"CE"
104.0,"CE"
144.0,"NA"
22.0,"NA"
33.0,"NA"
46.0,"NA"
40.0,"NA"
225.0,"NA"
130.0,"NA"
76.0,"NA"
55.0,"NA"
33.0,"NA"
133.0,"NA"
90.0,"NA"
66.0,"NA"
54.0,"NA"
96.0,"NA"
132.0,"NA"
259.0,"NA"
165.0,"NA"
165.0,"NA"
138.0,"NA"
130.0,"NA"
104.0,"NA"
105.0,"NA"
64.0,"NA"
146.0,"NA"
29.0,"NA"
45.0,"NA"
30.0,"NA"
20.0,"NA"
90.0,"NA"
87.0,"NA"
6.0,"NA"
205.0,"NA"
45.0,"NA"
135.0,"NA"
36.0,"NA"
102.0,"NA"
54.0,"NA"
40.0,"NA"
75.0,"NA"
28.0,"NA"
20.0,"NA"
44.0,"NA"
98.0,"NA"
107.0,"NA"
21.0,"NA"
33.0,"NA"
68.0,"NA"
100.0,"NA"
185.0,"NA"
143.0,"NA"
117.0,"NA"
50.0,"NA"
67.0,"NA"
366.0,"SA"
16.0,"SA"
0.0,"SA"
67.0,"SA"
164.0,"SA"
84.0,"SA"
114.0,"SA"
117.0,"SA"
219.0,"SA"
114.0,"SA"
66.0,"SA"
84.0,"SA"
20.0,"SA"
76.0,"SA"
25.0,"SA"
207.0,"SA"
95.0,"SA"
125.0,"SA"
52.0,"SA"
9.0,"SA"
30.0,"SA"
40.0,"SA"
20.0,"SA"
716.0,"NA"
28.0,"NA"
10.0,"NA"
296.0,"NA"
6.0,"NA"
659.0,"NA"
24.0,"NA"
599.0,"SA"
20.0,"SA"
28.0,"SA"
564.0,"AV"
14.0,"AV"
404.0,"BN"
23.0,"BN"
25.0,"BN"
405.0,"CE"
2.0,"CE"
291.0,"NA"
567.0,"NA"
2.0,"NA"
185.0,"NA"
60.0,"BR"
30.0,"BR"
72.0,"BR"
124.0,"BR"
497.0,"BR"
14.0,"BR"
96.0,"BR"
79.0,"TA"
97.0,"TA"
6.0,"TA"
96.0,"TA"
40.0,"TA"
93.0,"TA"
30.0,"TA"
114.0,"TA"
50.0,"TA"
64.0,"TA"
10.0,"TA"
57.0,"TA"
8.0,"TA"
46.0,"TA"
88.0,"TA"
485.0,"TA"
15.0,"TA"
20.0,"TA"
180.0,"BT"
16.0,"BT"
207.0,"BT"
109.0,"BT"
10.0,"BT"
30.0,"BT"
70.0,"BT"
522.0,"BA"
20.0,"BA"
148.0,"BA"
20.0,"BA"
73.0,"BA"
22.0,"BA"
73.0,"BA"
81.0,"BA"
10.0,"BA"
362.0,"BA"
75.0,"BA"
181.0,"BA"
12.0,"BA"
488.0,"BA"
36.0,"BA"
156.0,"BA"
140.0,"BA"
303.0,"BA"
20.0,"BA"
159.0,"FG"
12.0,"FG"
53.0,"FG"
38.0,"FG"
13.0,"FG"
31.0,"FG"
30.0,"FG"
50.0,"FG"
212.0,"FG"
16.0,"FG"
8.0,"FG"
104.0,"FG"
12.0,"FG"
68.0,"FG"
10.0,"FG"
149.0,"LE"
166.0,"LE"
16.0,"LE"
334.0,"LE"
18.0,"LE"
20.0,"LE"
54.0,"LE"
13.0,"LE"
28.0,"LE"
31.0,"LE"
15.0,"LE"
47.0,"LE"
100.0,"LE"
18.0,"LE"
66.0,"LE"
106.0,"LE"
12.0,"LE"
163.0,"LE"
8.0,"LE"
164.0,"LE"
577.0,"LE"
40.0,"LE"
97.0,"BA"
95.0,"BA"
769.0,"FG"
68.0,"FG"
24.0,"BA"
202.0,"BA"
1002.0,"BA"
14.0,"BA"
663.0,"FG"
25.0,"FG"
16.0,"PZ"
43.0,"PZ"
16.0,"PZ"
12.0,"PZ"
12.0,"PZ"
16.0,"PZ"
4.0,"PZ"
16.0,"PZ"
24.0,"PZ"
24.0,"MT"
394.0,"MT"
51.0,"MT"
48.0,"MT"
846.0,"PZ"
32.0,"PZ"
64.0,"PZ"
47.0,"CS"
99.0,"CS"
37.0,"CS"
94.0,"CS"
25.0,"CS"
159.0,"CS"
20.0,"CS"
28.0,"CS"
146.0,"CS"
12.0,"CS"
20.0,"CS"
10.0,"CS"
10.0,"CS"
10.0,"CS"
40.0,"CS"
26.0,"CS"
80.0,"CS"
6.0,"CS"
50.0,"CS"
20.0,"CS"
30.0,"CS"
10.0,"CS"
40.0,"CS"
26.0,"CS"
0.0,"CS"
255.0,"KR"
25.0,"KR"
20.0,"KR"
50.0,"KR"
90.0,"KR"
30.0,"KR"
12.0,"KR"
0.0,"KR"
12.0,"KR"
37.0,"KR"
48.0,"KR"
200.0,"CZ"
19.0,"CZ"
12.0,"CZ"
47.0,"CZ"
53.0,"CZ"
30.0,"CZ"
35.0,"CZ"
27.0,"CZ"
26.0,"CZ"
80.0,"CZ"
6.0,"CZ"
67.0,"CZ"
6.0,"CZ"
8.0,"CZ"
117.0,"VV"
20.0,"VV"
20.0,"VV"
26.0,"VV"
18.0,"VV"
10.0,"VV"
150.0,"RC"
123.0,"RC"
42.0,"RC"
8.0,"RC"
15.0,"RC"
20.0,"RC"
70.0,"RC"
26.0,"RC"
40.0,"RC"
28.0,"RC"
80.0,"RC"
30.0,"RC"
35.0,"RC"
54.0,"RC"
9.0,"RC"
35.0,"RC"
15.0,"RC"
30.0,"RC"
463.0,"CS"
6.0,"CS"
389.0,"CZ"
0.0,"CZ"
189.0,"CZ"
0.0,"CZ"
489.0,"RC"
39.0,"CS"
20.0,"CS"
211.0,"AG"
10.0,"AG"
10.0,"AG"
73.0,"AG"
4.0,"AG"
67.0,"AG"
3.0,"AG"
7.0,"AG"
18.0,"AG"
30.0,"AG"
148.0,"AG"
40.0,"AG"
54.0,"AG"
76.0,"AG"
218.0,"CL"
24.0,"CL"
6.0,"CL"
0.0,"CL"
10.0,"CL"
10.0,"CL"
117.0,"CL"
20.0,"CL"
21.0,"CL"
12.0,"CL"
12.0,"CL"
54.0,"CL"
24.0,"CL"
96.0,"CT"
16.0,"CT"
16.0,"CT"
6.0,"CT"
44.0,"CT"
6.0,"CT"
0.0,"CT"
49.0,"CT"
40.0,"CT"
164.0,"CT"
8.0,"CT"
22.0,"CT"
32.0,"CT"
36.0,"CT"
15.0,"CT"
3.0,"CT"
18.0,"CT"
93.0,"CT"
12.0,"CT"
20.0,"CT"
37.0,"CT"
14.0,"CT"
40.0,"CT"
76.0,"CT"
154.0,"CT"
14.0,"CT"
9.0,"CT"
72.0,"CT"
50.0,"CT"
57.0,"CT"
80.0,"CT"
40.0,"CT"
10.0,"CT"
40.0,"CT"
27.0,"CT"
86.0,"CT"
0.0,"CT"
31.0,"CT"
58.0,"CT"
10.0,"CT"
34.0,"CT"
38.0,"CT"
64.0,"CT"
5.0,"CT"
202.0,"EN"
10.0,"EN"
2.0,"EN"
55.0,"EN"
4.0,"EN"
20.0,"EN"
8.0,"EN"
12.0,"EN"
60.0,"EN"
4.0,"EN"
2.0,"EN"
47.0,"ME"
9.0,"ME"
18.0,"ME"
98.0,"ME"
155.0,"ME"
10.0,"ME"
20.0,"ME"
36.0,"ME"
99.0,"ME"
6.0,"ME"
66.0,"ME"
6.0,"ME"
153.0,"ME"
35.0,"ME"
64.0,"ME"
12.0,"ME"
54.0,"ME"
48.0,"ME"
56.0,"ME"
76.0,"ME"
54.0,"ME"
29.0,"ME"
36.0,"ME"
38.0,"ME"
184.0,"PA"
14.0,"PA"
44.0,"PA"
246.0,"PA"
24.0,"PA"
48.0,"PA"
4.0,"PA"
93.0,"PA"
32.0,"PA"
6.0,"PA"
69.0,"PA"
107.0,"PA"
10.0,"PA"
33.0,"PA"
42.0,"PA"
12.0,"PA"
85.0,"PA"
12.0,"PA"
84.0,"PA"
58.0,"PA"
5.0,"PA"
102.0,"PA"
8.0,"PA"
127.0,"PA"
5.0,"PA"
44.0,"PA"
8.0,"PA"
30.0,"PA"
99.0,"PA"
10.0,"PA"
81.0,"PA"
28.0,"PA"
16.0,"PA"
45.0,"PA"
75.0,"PA"
24.0,"PA"
0.0,"PA"
37.0,"PA"
11.0,"PA"
62.0,"PA"
20.0,"PA"
215.0,"RG"
0.0,"RG"
18.0,"RG"
16.0,"RG"
133.0,"RG"
10.0,"RG"
16.0,"RG"
18.0,"RG"
138.0,"RG"
42.0,"RG"
40.0,"RG"
74.0,"SR"
44.0,"SR"
279.0,"SR"
77.0,"SR"
90.0,"SR"
16.0,"SR"
16.0,"SR"
50.0,"SR"
49.0,"SR"
8.0,"SR"
123.0,"SR"
42.0,"SR"
36.0,"SR"
37.0,"SR"
40.0,"SR"
45.0,"TP"
4.0,"TP"
10.0,"TP"
2.0,"TP"
1.0,"TP"
228.0,"TP"
2.0,"TP"
69.0,"TP"
89.0,"TP"
50.0,"TP"
7.0,"TP"
12.0,"TP"
37.0,"TP"
19.0,"TP"
54.0,"TP"
28.0,"TP"
12.0,"TP"
40.0,"TP"
488.0,"CT"
12.0,"CT"
493.0,"CT"
4.0,"CT"
6.0,"CT"
742.0,"CT"
0.0,"CT"
335.0,"ME"
24.0,"ME"
432.0,"ME"
20.0,"ME"
516.0,"PA"
32.0,"PA"
12.0,"PA"
692.0,"PA"
18.0,"PA"
0.0,"PA"
438.0,"PA"
8.0,"PA"
3.0,"PA"
107.0,"PA"
78.0,"EN"
252.0,"EN"
62.0,"ME"
224.0,"ME"
30.0,"PA"
17.0,"PA"
98.0,"SS"
35.0,"SS"
92.0,"SS"
129.0,"SS"
22.0,"SS"
12.0,"SS"
30.0,"SS"
164.0,"SS"
333.0,"NU"
26.0,"NU"
100.0,"NU"
33.0,"NU"
39.0,"OR"
20.0,"SU"
20.0,"NU"
20.0,"NU"
10.0,"NU"
4.0,"CA"
98.0,"CA"
14.0,"CA"
121.0,"SU"
4.0,"SU"
89.0,"SU"
303.0,"CA"
0.0,"CA"
158.0,"SU"
42.0,"SU"
51.0,"CA"
8.0,"CA"
6.0,"CA"
172.0,"CA"
10.0,"CA"
19.0,"CA"
66.0,"CA"
65.0,"CA"
10.0,"CA"
214.0,"OR"
9.0,"OR"
32.0,"OR"
162.0,"OR"
6.0,"OR"
9.0,"OR"
80.0,"CA"
54.0,"CA"
70.0,"CA"
642.0,"CA"
11.0,"CA"
737.0,"SS"
26.0,"SS"
360.0,"CA"
